Demon Slayer,Animation,2025,99,Demon Slayer fought demons,Favorites,noel
Demon Slayer,Animation,2025,88,Demon slayer fighting demons,Favorites,User1234
Dinosaurs vs Aliens,Animation,2025,99,Dinosaurs fighting aliens,Favorites,User1234
Demon Slayer,Animation,2025,99,Demon Slayer fought demons,noel,Favorites
Demon Slayer,Animation,2025,88,Demon slayer fighting demons,User1234,Favorites
Dinosaurs vs Aliens,Animation,2025,99,Dinosaurs fighting aliens,User1234,Favorites
Sinners,Horror,2025,87,Vampires hunting humans,User12,Top Picks
Sinners,Horror,2025,87,Vampires hunting humans,Top Picks,User12
Demon Slayer,Animation,2025,99,Demon Slayer fought demons,noel,Favorites
Demon Slayer,Animation,2025,88,Demon slayer fighting demons,User1234,Favorites
Demon Slayer,Animation,2025,99,Demon Slayer fought demons,Favorites,noel
Demon Slayer,Animation,2025,88,Demon slayer fighting demons,Favorites,User1234
Dinosaurs vs Aliens,Animation,2025,99,Dinosaurs fighting aliens,User1234,Favorites
Dinosaurs vs Aliens,Animation,2025,99,Dinosaurs fighting aliens,Favorites,User1234
Sinners,Horror,2025,87,Vampires hunting humans,Top Picks,User12
Sinners,Horror,2025,87,Vampires hunting humans,User12,Top Picks
F1,Action,2025,85,,user,Top Picks
Demon Slayer,Animation,2025,99,Demon Slayer fought demons,noel,Favorites
Demon Slayer,Animation,2025,88,Demon slayer fighting demons,User1234,Favorites
Demon Slayer,Animation,2025,99,Demon Slayer fought demons,Favorites,noel
Demon Slayer,Animation,2025,88,Demon slayer fighting demons,Favorites,User1234
Demon Slayer,Animation,2025,99,Demon Slayer fought demons,Favorites,noel
Demon Slayer,Animation,2025,88,Demon slayer fighting demons,Favorites,User1234
Demon Slayer,Animation,2025,99,Demon Slayer fought demons,noel,Favorites
Demon Slayer,Animation,2025,88,Demon slayer fighting demons,User1234,Favorites
Dinosaurs vs Aliens,Animation,2025,99,Dinosaurs fighting aliens,User1234,Favorites
Dinosaurs vs Aliens,Animation,2025,99,Dinosaurs fighting aliens,Favorites,User1234
Dinosaurs vs Aliens,Animation,2025,99,Dinosaurs fighting aliens,Favorites,User1234
Dinosaurs vs Aliens,Animation,2025,99,Dinosaurs fighting aliens,User1234,Favorites
F1,Action,2025,85,,Top Picks,user
Sinners,Horror,2025,87,Vampires hunting humans,Top Picks,User12
Sinners,Horror,2025,87,Vampires hunting humans,User12,Top Picks
Sinners,Horror,2025,87,Vampires hunting humans,User12,Top Picks
Sinners,Horror,2025,87,Vampires hunting humans,Top Picks,User12
Aliens vs Coffee,Musical,1992,54,,example123,Top Picks
